{"cameraMode":{"drawMode":0,"name":"Shaded","section":"Shading Mode"},"sceneLighting":true,"audioPlay":false,"sceneViewState":{"showFog":true,"showMaterialUpdate":false,"showSkybox":true,"showFlares":true,"showImageEffects":true,"showParticleSystems":true},"in2DMode":false,"pivot":{"x":2.041476249694824,"y":6.865416526794434,"z":-68.96742248535156},"rotation":{"x":0.0003609078994486481,"y":0.9983384609222412,"z":-0.05727720260620117,"w":0.006290391553193331},"size":123.77784729003906,"orthographic":false}